{
  "schema": 1,
  "provider": "libvirt-qemu",
  "commit": "7dbba6f",
  "domain": "libvmi-qual-20260718",
  "guest_memory_bytes": 134217728,
  "acceleration": "tcg",
  "host": {
    "node": "scuxvsa-524",
    "kernel": "6.8.0-90-generic",
    "machine": "x86_64"
  },
  "metrics": {
    "status": {
      "samples_ms": [
        123.649299,
        120.214803,
        114.011948,
        112.654504,
        121.552737,
        122.480002,
        111.265273,
        113.11442,
        116.163973,
        115.089859,
        110.884711,
        110.967163,
        104.282815,
        113.82655,
        121.860691,
        122.038726,
        122.294099,
        121.601539,
        115.539064,
        114.493895,
        114.448538,
        119.295492,
        124.885106,
        117.072072,
        124.963551,
        126.112765,
        119.877037,
        118.706369,
        121.222785,
        120.146327
      ],
      "median_ms": 119.0009305,
      "p95_ms": 124.885106,
      "min_ms": 104.282815,
      "max_ms": 126.112765
    },
    "pause": {
      "samples_ms": [
        152.034925,
        157.698963,
        127.916297,
        150.039262,
        138.304476,
        142.608655,
        149.656346,
        127.346057,
        142.223982,
        151.424851
      ],
      "median_ms": 146.1325005,
      "p95_ms": 152.034925,
      "min_ms": 127.346057,
      "max_ms": 157.698963
    },
    "resume": {
      "samples_ms": [
        158.493326,
        149.48928,
        133.918403,
        147.759234,
        137.813492,
        143.318209,
        148.607335,
        128.767482,
        144.502575,
        143.689283
      ],
      "median_ms": 144.095929,
      "p95_ms": 149.48928,
      "min_ms": 128.767482,
      "max_ms": 158.493326
    },
    "full_dump": {
      "samples_ms": [
        843.369942,
        1041.661526,
        1085.000078,
        977.63663,
        1334.840035
      ],
      "median_ms": 1041.661526,
      "p95_ms": 1085.000078,
      "min_ms": 843.369942,
      "max_ms": 1334.840035,
      "output_bytes": [
        134480867,
        134480867,
        134480867,
        134480867,
        134480867
      ],
      "median_mib_s": 123.12151855932596
    },
    "range_4096": {
      "samples_ms": [
        1310.265259,
        1571.104649,
        1594.406653
      ],
      "median_ms": 1571.104649,
      "p95_ms": 1571.104649,
      "min_ms": 1310.265259,
      "max_ms": 1594.406653,
      "median_mib_s": 0.0024863079633086873
    },
    "range_1048576": {
      "samples_ms": [
        2026.847901,
        2434.562235,
        2861.764754
      ],
      "median_ms": 2434.562235,
      "p95_ms": 2434.562235,
      "min_ms": 2026.847901,
      "max_ms": 2861.764754,
      "median_mib_s": 0.4107514630859293
    },
    "range_67108864": {
      "samples_ms": [
        2766.895144,
        8654.384229,
        3969.261358
      ],
      "median_ms": 3969.261358,
      "p95_ms": 3969.261358,
      "min_ms": 2766.895144,
      "max_ms": 8654.384229,
      "median_mib_s": 16.123906749302044
    }
  }
}
